total_serial,date,name,register_loc,store_loc,scope,check_staff,severe_num,severe_serial,main_num,main_serial,normal_num,normal_serial,opinion
1,2021年3月11日-3月12日,甘肃通和药业有限责任公司,临洮县北大街261号,临洮县北大街261号,中药材（国限品种除外）、中药饮片***,"吴毅、严燕
张莉",,,3,"*00801
*08307 
*08705",6,"01702 
02601
04702 
05801 
07101 
08409",该企业违反了《药品经营质量管理规范现场检查指导原则》，建议限期整改
2,2021年3月9日-3月10日,临洮四通药业有限责任公司,临洮县洮阳镇东大街金祺百合新苑壹幢1-3号,临洮县洮阳镇东大街金祺百合新苑壹幢负一层、二层,中药材（国限品种除外）、中药饮片***,"吴毅、严燕
张莉",,,3,*06401、*08307、*08308,5,02601、04702、07801、08101、08409,该企业违反了《药品经营质量管理规范现场检查指导原则》，建议限期整改
3,2021年3月10日-3月12日,甘肃天健医药有限公司,甘肃省定西市安定区经济开发区南八路7号,甘肃省定西市安定区经济开发区南八路7号,中药材（国限品种除外）、中药饮片、中成药、抗生素制剂、化学药制剂、生物制品（除疫苗）（以上范围均不含冷藏冷冻品种）,石林凡、杨刚刚、庞博春,,,5,*01201、*01710、*02701、*09401、*05301,2,08801、08314,该企业违反《药品经营质量管理规范》，建议限期整改。
4,2021年3月8日-3月10日,定西民康药业有限责任公司,甘肃省定西市安定区中华路78号,甘肃省定西市安定区中华路78号,中药材、中药饮片、中成药、抗生素制剂、化学药制剂、生物制品（除疫苗）、以上范围均不含冷藏、冷冻药品,石林凡、杨刚刚、庞博春,,,3,*02701、*03901、*08705,5,03401、04705、08312、08314、08316,该企业违反《药品经营质量管理规范》，建议限期整改。
5,2021年3月8日-3月10日,白银市医药有限公司,白银市白银区人民路42号,白银市白银区东星街86号10栋,中药材（国限品种除外）、中药饮片、中成药、化学原料药、抗生素制剂、化学药制剂、生物制品（除疫苗）、麻醉药品、蛋白同化制剂、肽类激素、第一类精神药品、第二类精神药品,王丽婷、高宏波、朱曼草,,,2,*08307、*08308,7,01717、03401、04603、05201、06501、08312、08402,该企业违反《药品经营质量管理规范》，建议限期整改。
6,2021年3月11日-3月12日,白银市益和药业有限责任公司,白银市平川区墩墩滩,白银市平川区墩墩滩,中药材（国限品种除外）、中药饮片***,王丽婷、高宏波、朱曼草,,,1,*02701,5,01717、02702、03401、04702、06501,该企业违反《药品经营质量管理规范》，建议限期整改。
7,2021年3月11日-3月12日,武威天利医药有限公司,武威市凉州区西关中路13号,1.武威市凉州区西关中路13号（东楼1、2、3层、负一层）；2.武威市凉州区民勤路465号院内,中药材（国限品种除外）、中药饮片、中成药、化学药制剂、抗生素制剂、（以上范围均不含冷藏冷冻品种）,"万雪荷、郭强
章晓琴",,,4,*04703、*07701、*08404、*05901,6,03401、04603、08304、08401、11502、11901 ,该企业违反《药品经营质量管理规范》，建议限期整改。
8,2021年3月9日-3月10日,甘肃武威天和医药有限责任公司,武威市凉州区二环西路南段185号,1、武威市凉州区二环西路南段185号；2、武威市凉州区中坝镇,中药饮片、中成药、化学药制剂、第二类精神药品、抗生素制剂,"万雪荷、郭强
章晓琴",,,5,*01201、*01705、*04703、*05601、*09701,5,01702、01717、03401、07802、08401,该企业违反《药品经营质量管理规范》，建议限期整改。
9,2021年3月8日-3月10日,张掖市银杏林药业有限责任公司,张掖工业园区生态科技产业园万盛路西侧,张掖工业园区生态科技产业园万盛路西侧,中药饮片、中成药、化学原料药、抗生素原料药、化学药制剂、抗生素制剂、生物制品（除疫苗）、蛋白同化剂、肽类激素、*** ,安晓红、俞树花、张剑荣,,,2,*09601、*09701,4,02601、04705、07704、10902,违反药品经营质量管理规范，限期整改
10,2021年3月10日-3月12日,甘肃太和堂医药有限责任公司,甘肃省张掖市甘州区张掖经济技术开发区创业路北侧（优冠食品院内）,甘肃省张掖市甘州区张掖经济技术开发区创业路北侧（优冠食品院内）,中药饮片、中成药、化学原料药、抗生素制剂、化学药制剂、生物制品（除疫苗）、蛋白同化剂、肽类激素,安晓红、俞树花、张剑荣,,,3,*01705、*02701、*04101,4,01702 、02601、10901、10902,违反药品经营质量管理规范，限期整改
11,2021年4月12日-4月14日,甘肃国鼎医药有限责任公司,兰州市安宁区北滨河西路1249号（华尊立达大厦10楼1003—1010号）,兰州市安宁区北滨河西路1282号之1号负一楼、二楼、三楼,中药材（国限品种除外）、中药饮片、中成药、抗生素制剂、化学药制剂、生物制品（除疫苗）、（以上范围均不含冷藏冷冻品种）,"丁宁、杨刚刚、
王启鑫",,,4,＊01705、＊06001、＊07201、＊08302,4,01702、03501、05801、07704,违反药品经营质量管理规范，限期整改
12,2021年7月8日-7月10日,甘肃美迩康进出口有限公司,兰州市城关区嘉峪关西路360号,兰州市七里河区建西西路85号,中药材（国限品种除外）、中药饮片、中成药、化学原料药、化学药制剂、抗生素制剂、生物制品（以上范围均不含冷藏冷冻品种）、*** ,刘强、祁文杰、裴孔娟,,,1,*02701,7,01101、01702、01704、01717、02206、04603、11901,基本符合要求
13,2021年4月15日-4月17日,兰州智联医药有限责任公司,兰州市城关区北571-2号（高新技术产业开发区联创广场C座1002西D）,"兰州市城关区雁南路333号负一层
兰州市城关区雁兴路40号国泰嘉园地下库房",中药饮片、中成药、抗生素制剂、化学药制剂、生物制品（除疫苗）、蛋白同化制剂、肽类激素、第二类精神药品,"丁宁、杨刚刚、
王启鑫",,,3,*03701、*05601、*10701,3,01001、02601、03401,该企业违反药品经营质量管理规范，建议限期整改
14,2021年7月8日-7月10日,甘肃大唐丽凯生物科技有限公司,兰州市城关区庆阳路352号世纪广场C座14楼1号，6号,兰州市七里河区硷沟沿明仁花苑13号楼地下室,中成药、化学原料药、抗生素原料药、化学药制剂、抗生素制剂、生物制品（除疫苗）、蛋白同化制剂、肽类激素、第二类精神药品***,勾鹏天、孟伟、俞芳、李圃凡,,,5,*01706、*02501、*02701、*02801、*11301,4,08702、01701、01702、11901,该企业违反《药品经营质量管理规范》，限期整改
15,2021年7月8日-7月10日,兰州和乐医药科技有限公司,兰州市城关区南面滩268号高新技术创新园创新楼B座7楼,兰州市城关区飞天家园B区11号楼地下室（负一层西侧）,中成药，化学原料药，抗生素原料药，抗生素制剂，化学药制剂，生物制品（除疫苗）,裴绍中、郭艳妮、黎浩,,,,,7,01101、01702、01717、03401、05201、11501、11901,该企业基本符合《药品经营质量管理规范》要求
16,2021年7月15日-7月17日,甘肃弘裕药业有限公司,甘肃省渭源县工业集中区渭源工业园区（甘肃弘润药业有限公司院内）,甘肃省渭源县工业集中区渭源工业园区（甘肃弘润药业有限公司院内）,中药材（国限品种除外）、中药饮片,裴绍中、王永生、安广平,2,**00402、**06101,8,*00802、*01703、*01714、*01705、*02301、*02701、*06001、*08705,9,01001、01101、01702、01704、04001、04802、05201、06103、08409,该企业不符合《药品经营质量管理规范》要求
17,2021年7月27日-7月28日,甘肃医药经营有限责任公司,甘肃省兰州市安宁区北滨河西路1280之2号,甘肃省兰州市安宁区北滨河西路1279之1号；甘肃省兰州市安宁区北滨河西路1280之2号,中药材（国限品种除外）、中药饮片、中成药、化学原料药、抗生素制剂、化学药制剂（以上范围均不含冷藏冷冻品种）,焦文果、白克英、高翔,,,1,*00802,4,01702、04702、08409、11901,该企业基本符合《药品经营质量管理规范》要求
18,2021年7月8日-2021年7月10日,甘肃大慈药业有限公司,兰州市安宁区北滨河西路1261号（兰州国际家居建材博览城B3区第49栋2单元1902/1903室）,兰州市安宁区北滨河西路1279号,中药材（国限品种除外）、中药饮片、中成药、抗生素制剂、化学药制剂、生物制品（除疫苗）、（以上范围均不包含冷藏冷冻品种）***,王启鑫、田登科、马克银、王晓慧、刘茹,,,3,"*00901、*08307
*11301",,2702、03001、04603 、08313 、08601 ,该企业违反《药品经营质量管理规范》，限期整改。
19,2021年9月23日至2021年9月26日,天水亿民堂大药房连锁有限责任公司,甘肃省天水市麦积区泉湖路以东（原马跑泉鱼塘）,委托第三方（甘肃省天水经济开发区社棠工业园区孵化园4号楼）,处方药和非处方药：生物制品（除疫苗）、中成药、化学药制剂、抗生素制剂、中药饮片***,丁国庆、牛屹泽、李绍周,,,4,"*00901
*02501
*02701
*16105",4,"14201
16704
16416
16102",该企业违反《药品经营质量管理规范》，限期整改。
20,2021年9月6日-9月8日,兰州利生药业有限责任公司,兰州市城关区庆阳路285号新胜利宾馆东二楼,兰州市七里河区彭家坪龚家湾村刘家堡89-1号（4号库,中成药、抗生素制剂、化学药制剂、生物制品（除疫苗）（以上范,"沈景、薛玉林
张海斌、郝磊",,,2,*01714、*05901,5,"01101
07802
08409
02702
03401
08402",该企业违反《药品经营质量管理规范》，限期整改。
21,2021年9月23日至2021年9月25日,平凉市国瑞药业有限责任公司,甘肃省平凉市崆峒区工业园区东诚机械制造有限责任公司院内3号库,甘肃省平凉市崆峒区工业园区东诚机械制造有限责任公司院内3号库,中药饮片、中成药、化学原料药、化学药制剂、抗生素制剂、生物制品（除疫苗）、（以上范围均不含冷藏冷冻品种）***,李景胜、张琛、田幸平,,,,,4,1101、1717、2601、4603,该企业违反《药品经营质量管理规范》，限期整改。
22,2021年7月8日-7月10日,庆城县百草医药有限责任公司,甘肃省庆城县南大街30号,庆阳市庆城县南大街30号,中药饮片、中成药、化学原料药、化学药制剂、抗生素制剂、（以上范围均不含冷藏冷冻品种）***,李荣、张建民、杨新天,,,4,"*01714
*02701
*03201
*08302",6,"01702
02901
03401
04604
08001
11501",该企业违反《药品经营质量管理规范》，限期整改。
23,2021年4月15日-4月16日,陇南康明医药有限责任公司,陇南市武都区梁园子,陇南市武都区梁园子,中成药、化学原料药、抗生素原料药、化学药制剂、抗生素制剂、生物制品（除疫苗）、（以上范围均不含冷藏冷冻品种）***,"康文景、李荣
韩宗贵",,,3,*01714、*04704、*08309,4,"02901
03401
04604
08312 ",该企业违反《药品经营质量管理规范》，限期整改。
24,2021年7月8日至9日,兰州众联药业有限公,兰州市安宁区城临路21号,兰州市安宁区城临路21号；委托[甘肃陇邮医药物流股份有限公司]储存配送药品（兰州市城关区焦家湾南路227-331号工业生产厂区西侧自编号9-1号）；委托[甘肃陇邮医药物流股份有限公司]储存配送药品（[兰州市城关区焦家湾南路227-331号工业生产厂区西侧（9-1号）]）,中药饮片、中成药、化学原料药、抗生素原料药、抗生素制剂、化学药制剂、生物制品（除疫苗）***,俞海莲、李黎、赵春兰,,,2,"*01201
*08308",5,"04603
04604 
07801
07802
08702",该企业违反《药品经营质量管理规范》，限期整改。
25,2021年7月9日-2021年7月10日,庆阳众康药业有限公司,庆阳市西峰区后官寨乡中心村王庄队14号,庆阳市西峰区后官寨乡中心村王庄队14号,中成药、抗生素制剂、化学药制剂、生物制品（除疫苗）、第二类精神药品、（以上范围均不含冷藏冷冻品种）***,孙博、郭环宇、东秀娟,,,5,"*00501
*02701
*0090
*06301
*08307",7,"01001 
01702  
02601  
02702
03501
04604
07802",该企业违反《药品经营质量管理规范》，限期整改。
26,2021年3月10日-3月12日,甘肃太和堂医药有限责任公司,甘肃省张掖市甘州区张掖经济技术开发区创业路北侧（优冠食品院内）,甘肃省张掖市甘州区张掖经济技术开发区创业路北侧（优冠食品院内）,中药饮片、中成药、化学原料药、抗生素制剂、化学药制剂、生物制品（除疫苗）、蛋白同化剂、肽类激素,安晓红、俞树花、张剑荣,,,3,"*01705
*02701 
*04101",4,"01702 
02601  
10901  
10902  ",违反药品经营质量管理规范，限期整改。
27,2021年4月13日-4月14日,甘肃怡康药业有限责任公司,陇南市武都区江南街道办事处张家咀委员会办公室,陇南市武都区江南街道办事处张家咀委员会办公室,中药饮片、中成药、化学原料药、抗生素原料药、化学药制剂、抗生素制剂（以上范围均不含冷藏冷冻品种）***,"张志斌、陈光
李锦娴",,,3,"*00802
*03601
*04801",4,"03401
04604  
04605
08406 ",违反药品经营质量管理规范，限期整改。
28,2021年7月15日-7月17日,甘肃弘裕药业有限公司,甘肃省渭源县工业集中区渭源工业园区（甘肃弘润药业有限公司院内）,甘肃省渭源县工业集中区渭源工业园区（甘肃弘润药业有限公司院内）,中药材（国限品种除外）、中药饮片,乔福平、李永生、谢虎鹏,2,"**00402
**06101 ",8,"*00802 
*01703 
*01714
*01705
*0230
*02701
*06001
*08705 ",9,"01001
01101 
01702
01704
04001
04802
05201
06103 
08409 ",检查组依据《药品检查管理办法》（试行）第二十八条第一款第（三）项之规定，现场检查和综合评定结论为：该企业不符合《药品经营质量管理规范》要求。
29,2021年7月27日至7月28日,甘肃医药经营有限责任公司,甘肃省兰州市安宁区北滨河西路1279之1号；甘肃省兰州市安宁区北滨河西路1280之2号。,甘肃省兰州市安宁区北滨河西路1280之2号,中药材（国限品种除外）、中药饮片、中成药、化学原料药、抗生素制剂、化学药制剂（以上范围均不含冷藏冷冻品种）,张贵子、王亚娟、阿怀亮,,,1,"*00802
**00210
*08404",4,"01702
04702
08409
11901",检查组依据《药品检查管理办法》（试行）第二十八条第一款第（三）项之规定，现场检查和综合评定结论为：该企业基本符合《药品经营质量管理规范》要求。
30,2021年4月13日至4月14日,定西市康园药业有限公司,甘肃省定西市陇西县文峰镇站北路2号,甘肃省定西市陇西县文峰镇站北社区6号,中药材（国限品种除外）、中药饮片***,张志斌、陈光、李锦娴,,,5,"＊02701
*04704 
＊06001                       ＊08307
＊08308 ",4,"01702 
03402
07704
08005",违反药品经营质量管理规范，建议限期整改
31,2021年9月23日-25日,甘肃德生堂医药科技集团张掖有限公司,甘肃省张掖市甘州区南大街112号,无,处方药和非处方药：化学药制剂，中成药，中药饮片，抗生素制剂，生物制品（不含疫苗、除胰岛素外的注射剂和限制类药品）（含冷藏冷冻药品）,乔福平、李永生、谢虎鹏,,,,,4,"12802
14801
15402
16115",现场检查结论和综合评定结论分为基本符合要求。
32,2021年7月8-2021年7月9日,甘肃甘强医药有限责任公司,陇西县长安路南侧,陇西县长安路南侧,中药材（国限品种除外）、中药饮片、中成药、化学原料药、化学药制剂、抗生素制剂、生物制品（除疫苗）、蛋白同化制剂、肽类激素***,张贵子、王亚娟、阿怀亮,,,6,"*04301
*04703
*04704 
*05302
*05304
*09301",4,"01717
02204 
04603 
05801 ",基本符合《药品经营质量管理规范》，限期整改。
33,2021年4月12日至14日,甘肃宏仁堂药业有限责任公司,天水市秦州区春风路1号东煜大厦601、602、603、618、619室,天水市秦州区春风路1号（春风佳苑东邻两幢建筑北面地下负一层）,中药材（国限品种除外）、中药饮片、中成药、抗生素制剂、化学药制剂、生物制品（除疫苗）、（以上范围均不含冷藏冷冻品种）***,梁亚菁、叶长梅、刘玉宝,,,8,"*00801
*02301
*02501
*05301
*05901
*06001
*08706
*1130",6,"01702
03001 
03003
08316
08406
08409",该企业违反了《药品经营质量管理规范》，限期整改。
34,2021年7月8日--2021年7月9日,甘肃华博药业有限公司,兰州市七里河区刘家堡64-1号,兰州市七里河区刘家堡64号,中药材（国限品种除外）、中药饮片,冯云、肖洁、冯萍,,,3,"*01201
*02701 
*08308 ",5,"01701 
01702
01717 
04603 
08702 ",经检查组现场检查，该企业基本符合《药品经营质量管理规范》（修订稿）要求，建议对检查发现的缺陷项目限期整改。
35,2021年7月9日-2021年7月10日,甘肃皇甫谧惠民医药有限公司,甘肃省平凉市崆峒区玄鹤北路15号玄鹤新城小区西大门6楼,平凉市玄鹤北路15号,中药饮片、中成药、化学药制剂、抗生素制剂、生物制品（除疫苗）、蛋白同化制剂、肽类激素、第二类精神药品***,范倩倩、朱金平、张永朝,,,4,"*01706 
*01714
*02701
*09601",4,"01702
03401
04603
08706",该企业不符合《药品经营质量管理规范现场检查指导原则》(修订稿）。
36,2021年4月12日-4月14日,甘肃绿塬药材有限责任公司,兰州市安宁区和平村路口,兰州市安宁区和平村路口,中药材（国限品种除外）、中药饮片、中成药、化学药制剂、抗生素制剂、生物制品（除疫苗）***,余建民、张钰、吴燕丽,,,2,"*01705 
*08404",3,"03001 
04702
07802",该企业违反了《药品经营质量管理规范》，限期整改。
37,2021年7月8日至7月9日,甘肃庆丰药业有限公司,兰州市安宁区刘沙公路301号,兰州市安宁区刘沙公路301号,中成药、化学药制剂、抗生素制剂、生物制品（除疫苗）、（以上范围均不含冷藏冷冻品种）,何志超、章晓琴、翟龙瑞,,,7,"*01703
*01710
*0770
*08302
*08705  
*09401
*09701",4,"03001
03401
0650
07704",该企业基本符合要求。
38,2021年7月8日-7月10日,甘肃人为峰药业股份有限公司,兰州市安宁区九州通西路70号（孵化大厦B塔楼18层东南角）,兰州市安宁区雪花路11号,中成药、化学原料药、抗生素原料药、抗生素制剂、化学药制剂、生物制品（除疫苗）,李杰元、刘淑媛、谢世斌,,,2,"*02701
*11301",4,"01702
06501
08402 
08406",基本符合要求
39,2021年4月15日-4月17日,甘肃瑞峰药业有限公司,兰州市安宁区北滨河西路1261号（兰州国际家居建材博览城B3区第49幢2单元18层202室、301-305室、401室）,兰州市安宁区北滨河西路1281号之4号（兰州市国际家居建材博览城B2区53幢205、305室）,中药饮片、中成药、化学原料药、抗生素原料药、抗生素制剂、化学药制剂、生物制品（除疫苗）、蛋白同化制剂、肽类激素***,余建民、张钰、吴燕丽,,,1,*06401,3,"03001
06501
07802",经检查组现场检查综合评定，该公司违反《药品经营质量管理规范》，限期整改。
40,2021年4月14日--2021年4月16日,甘肃天辉医药有限责任公司,兰州市城关区萃英门小区37号1号楼1单元905室,兰州市七里河区孙家台小区2号楼地下室,中成药、化学药制剂、抗生素制剂、生物制品（除疫苗,"安广平
刘妍杰、梁艳",,,4,"*01706
*02501
*02701
*11301 ",7,"01101 
01701 
01702
01715 
01717  
03401
07702 ",该企业违反了《药品经营质量管理规范》，限期整改。
41,2021年4月12日--2021年4月14日,甘肃远大药业有限责任公司,兰州市安宁区建安东路70号天合溪园小区负一层商铺,兰州市安宁区建安东路70号天合溪园小区负二层库房,中药材（国限品种除外）、中药饮片、中成药、抗生素制剂、化学药制剂、生物制品（除疫苗）,安广平、刘妍杰、梁艳,,,4,"*01710
*02501
*02701
*11301",6,"01701 
01702 
01717  
03501
07702   
08702  ",违反药品经营质量管理规范，限期整改。
42,2021年7月8日至9日,甘肃鸿发祥药业有限公司,永昌县城关十三区旧312线以北（永昌县恒源公司院内西侧）钢,永昌县城关十三区旧312线以北（永昌县恒源公司院内西侧）钢,中药饮片、中成药、抗生素制剂、化学药制剂、生物制品（除疫,惠昀正、李锦娴、王霞,,,7,"*02501 
*05301
*05601 
*01705
*02701 
*05303  
*09301",7,"01702 
03302 
04604 
07703 
08402
08312
08405 ",企业违反了GSP相关规定，存在一定质量安全风险，综合评定为基本符合要求。
43,2021年9月23日-9月25日,酒泉大千有限责任公司,甘肃省酒泉市肃州区西峰镇张良沟村12组10号,甘肃省酒泉市肃州区西峰镇张良沟村12组10号,中药材（国限品种除外）、中药饮片（凭药品经营许可证经营）,冯英、郝磊、闫亮,,,1,＊08404,4,"02206
03301
04603
07802",该公司药品经营情况基本符合要求，建议企业对缺陷项目限期整改。
44,2021年9月23日——2021年9月25日,酒泉市民生药业有限责任公司,甘肃省酒泉市肃州区宝泉西路18号5栋101号,甘肃省酒泉市肃州区宝泉西路18号5栋101号地下室,处方药与非处方药:中成药、化学药制剂、抗生素制剂、生物制品（除疫苗、预防性生物制品、血液制品）（不含冷藏、冷冻药品）。,潘富全、胡维群、郭刚平,,,2,"*08302
*08404",4,"01001
01715
01717
03501 ",该企业违反药品经营质量管理规范，限期整改。
45,2021年9月6日-9月8日,兰州厚德药业有限公司,兰州市安宁区刘沙公路301号,兰州市安宁区刘沙公路301号,中药材（国限品种除外）、中药饮片、中成药、化学原料药、抗生素原料药、化学药制剂、抗生素制剂、生物制品（除疫苗）（以上,何云佳、杨文睿、闫亮,,,3,"＊08307
＊08404
＊08705 ",3,"03401
01702
06501",该公司药品经营情况基本符合要求，建议企业对缺陷项目限期整改。
46,2021年9月9日-9月11日,兰州紫光药业有限公司,兰州市安宁区北滨河西路1261号24层,兰州市安宁区北滨河西路1283之5号；兰州市安宁区北滨河西路,中药饮片、中成药、化学原料药、抗生素原料药、化学药制剂、,何云佳、杨文睿、闫亮,,,3,"＊02501
＊09301
＊09401",2,"01702
02702 ",该公司药品经营情况基本符合要求，建议企业对缺陷项目限期整改。
47,2021年7月8日----2020年7月10日,陇南泰源药业有限责任公司,武都区城关镇北山东路下教场泊晶酒店八层,陇南市武都区长江大道江岸名都小区地下商业街,中成药、抗生素制剂、化学药制剂、生物制品（除疫苗）、麻醉药品、医疗用毒性药品、蛋白同化制剂、肽类激素、药品类易制毒化学品、第一类精神药品、第二类精神药品、药用罂粟壳***,李亚、苗世学、张建祯,,,6,"*00901
*02701 
*02801
*02802
*08705
*10601",5,"01702
03401
03501 
05201
07702 ",基本符合要求。
48,2021年9月26日-28日,民乐县祁民医药有限责任公司,甘肃省张掖市民乐县西大街9号,甘肃省张掖市民乐县西大街9号,中药材（国限品种除外）、中药饮片、中成药、化学原料药、化学药制剂、抗生素制剂、生物制品（除疫苗）、蛋白同化制剂、肽类激素、第二类精神药品***,乔福平、李永生、谢虎鹏,,,1,* 08309,2,"03001
 04603",现场检查结论和综合评定结论分为基本符合要求。
49,2021年7月8日-10日,平凉市天成药业有限责任公司,平凉市工业园区瑞丰路1号,平凉市工业园区瑞丰路1号,中药饮片、中成药、化学药制剂、抗生素制剂、生物制品（除疫苗）、蛋白同化制剂、肽类激素、第二类精神药品***,叶长梅、郭掌仁、李娜,,,3,"*02203 
*02701 
*06001",2,"03001
07704",该企业违反药品经营质量管理规范，限期整改。
50,2021年7月8日--2020年7月10日,平凉市新生药业有限责任公司,平凉市工业园区东二路西侧,平凉市工业园区东二路西侧,中药饮片、中成药、化学原料药、抗生素制剂、化学药制剂、生物制品（除疫苗）、蛋白同化制剂、肽类激素***,车放平、黄海燕、周晓兰,,,5,"*00802 
*01710 
*03701 
*06201
*08307 ",7,"01101
03001
03501
04602
05201
07703 
08405",经检查组依据《药品检查管理办法》，现场讨论，综合评定，该企业基本符合《药品经营质量管理规范》（修订稿）要求，建议限期整改。
51,2021年4月15日—2021年4月17日,天水顶盛医药有限公司,天水市秦州区东十里工业园区（天水市飞鸿医疗电器有限公司综合楼一楼）,天水市秦州区东十里工业园区（天水市飞鸿医疗电器有限公司综合楼一楼）,中成药、化学药制剂、抗生素制剂、生物制品（除疫苗）、麻醉药品、蛋白同化制剂、肽类激素、第一类精神药品、第二类精神药品,"李有雄、王玉东
刘小华",,,1,＊07701,,"01704
04705 
04706
05201",该企业违反药品经营管理规范，建议限期整改
52,2021年4月14日—2021年4月16日,天水华安泰药业有限公司,天水市秦州区吕二南路225号,天水市秦州区吕二南路225号,中药饮片、中成药、抗生素制剂、化学药制剂、生物制品、（以上范围均不含冷藏冷冻品种）,梁亚菁、叶长梅、刘玉宝,,,9,"*01711
*02101
*02501
*02701 
*05901
*06001
*08001
*00802
*08309",12,"01702
02702
02901
02902
03001
03501
04603
0406
07802 
08005
08305
08409",该企业违反了《药品经营质量管理规范》，限期整改
53,2021年4月12日至2021年4月14日,天水康泰药业有限公司,天水市麦积区花牛镇曹家埂建工机械市场北侧,天水市麦积区花牛镇曹家埂建工机械市场北侧,中药饮片、中成药、化学药制剂、抗生素制剂、生物制品（除疫苗），蛋白同化制剂、肽类激素（以上范围均不含冷藏冷冻品种）,"李有雄、王玉东
刘小华",,,2,"*04703 
*04801",5,"01001
01702
02702
03401
08702",该企业违反了《药品经营质量管理规范》，限期整改
54,2021年7月8日-7月10日,天水天元药业有限公司,天水市天水经济技术开发区社棠工业园区孵化园4号楼三楼,天水市天水经济技术开发区社棠工业园区孵化园4号楼三楼,中药饮片***,杨建兵、张玉花、朱发斌,,,3,"*02701 
*08308
*053017",4,"01717
03401
06501
07802",该企业违反了《药品经营质量管理规范》，限期整改
55,2021年7月8日--2021年7月10日,天水西城药业有限责任公司,天水市秦州区东十里工业园区（天水飞天雕漆公司负一楼）,天水市秦州区东十里工业园区（天水飞天雕漆公司负一楼）,中药饮片、中成药、化学药制剂、抗生素制剂、生物制品（除疫苗）、蛋白同化制剂、肽类激素、第二类精神药品***,安广平、乔世红、强科嵘,,,4,"*01705
*02501  
*02701
*08309 ",7,"01701
01702 
0171
03401
03501 
07702 
10902 ",该企业违反了《药品经营质量管理规范》，限期整改
56,2021年07月08日-09日,渭源县医药有限公司,渭源县清源镇工业园区,渭源县清源镇工业园区,中药材（国限品种除外）、中药饮片、中成药、化学原料药、化学药制剂、抗生素制剂、（以上范围均不含冷藏冷冻品种,赵兵善、杨帆、吴嫱,,,1,*02301,8,"01717
02206 
03001
03501
04603 
04705
06102 
08402",该企业违反了《药品经营质量管理规范》，限期整改
57,2021年7月8日至2021年7月10日,甘肃雷氏药业有限公司,甘肃省定西市渭源县路园镇大路村,甘肃省定西市渭源县路园镇大路村,中药材（国限品种除外）、中药饮片,汪晓琴、张永福、杨继业,,,5,"*00901
*01602
*02301
*08404
*11301",9,"04603
06501
08305
08313
08401
08403
08405
08408
08409",该企业违反了《药品经营质量管理规范》，限期整改
58,2021年7月8日--10日,陇南百兴药业有限公司,陇南市武都区东江新区半山村6区4号,陇南市武都区东江新区半山村6区4号、5号,中药材（国限品种除外）、中药饮片***,甄永生、郑彩凤、曹金莲,,,7,"*00901
*01710 
*01711 
*02701 
*06001
*0640
*07701",2,"09501 
08409",该企业违反了《药品经营质量管理规范》，限期整改
59,2021年9月9日-9月11日,兰州成远医药有限公司,兰州市七里河区建兰路287号兰天国际广场2118-2124号,兰州市城关区雁南路18号（高新技术产业开发区创新园内软件大厦负二层）；兰州市城关区雁南路18号（高新技术产业开发区创,中成药、化学原料药、抗生素制剂、抗生素原料药、化学药制剂、生物制品（除疫苗）、蛋白同化制剂、肽类激素,"沈景、薛玉林
张海斌、郝磊",,,,,5,"02902
03402
04605
04708
08402",企业基本符合药品经营质量管理规范，建议限期整改
60,2021年9月8日至9月11日,甘肃金峰医药有限责任公司,甘肃省天水市秦州区东十里铺,甘肃省天水市秦州区东十里铺,中药饮片、中成药、化学药制剂、抗生素制剂、生物制品（除疫苗）、蛋白同化制剂、肽类激素,刘晓玲、贺宏斌、陈育、缪玉海,,,7,"08314
01001
01101
02601
04602
04603
04707",5,"＊01201
＊08404
＊02701
＊06401
＊09101",由天水市市场监督管理局监督整改，并将整改报告于2021年9月28日之前上报省药监局药品流通处
61,2021年7月8日-7月9日,甘肃莱美医药投资有限责任公司,甘肃省兰州市七里河区中心坪街19号物流中心1层,甘肃省兰州市七里河区中心坪街19号物流中心,中药材（国限品种除外）、中药饮片、中成药、化学药制剂、抗生素制剂、生物制品（除疫苗）、蛋白同化制剂、肽类激素、二类精神药品***,何云佳、郑磊、张锋,,,4,"＊01201 
＊01706 
*06001 
*07301",2,"04604  
08409  ",该公司基本符合要求，建议企业对缺陷项目限期整改
62,2021年9月6日至9月8日,天水健友药业有限公司,甘肃省天水市天水经济技术开发区社棠工业园产业孵化园11号楼3层,甘肃省天水市天水经济技术开发区社棠工业园产业孵化园11号楼3层,中药材（国限品种除外）、中药饮片、中成药、化学原料药、抗生素原料药、抗生素制剂、化学药制剂、生物制品（除疫苗）、蛋白同化制剂、肽类激素,陈显忠、郭小娟、罗莉,,,3,"＊05601
＊05103
＊06401",6,"03001
08314
08312
10902
07101
06501",由天水市市场监督管理局监督整改，并将整改报告于2021年9月28日之前上报省药监局药品流通
63,2021年9月23日-25日,甘肃德慧百和堂大药房连锁有限公司,甘肃省庆阳市西峰区兰州东路28号（庆阳原华医药公司院内）,甘肃省庆阳市西峰区兰州东路28号（庆阳原华医药公司院内）,方药和非处方药：中药饮片（国限品种除外）、中成药、抗生素制剂、化学药制剂、生物制品（除预防性生物制品）,王得义、张宁、和警宇,,,3,"*02001
*02203
*08309",5,"01702
01717
02601
03001
08305",该企业违反了《药品经营质量管理规范》，限期整改
64,2021年9月26日——2021年9月28日,金塔县诚信药业连锁有限公司,甘肃省酒泉市金塔县宝塔街金色阳光家园C14#楼-商C-01,甘肃省酒泉市金塔县酒航路加油站西北,处方药与非处方药:中成药、中药饮片、化学药制剂、抗生素制剂、生物制品（除疫苗、预防性生物制品、血液制品）（不含冷藏、冷冻药品）。,潘富全、胡维群、郭刚平,,,7,"*00901
*01711
*03201 
*05301
*08003
*08302 
*08404",3,"01001
01715 
01717 ",该企业违反药品经营质量管理规范，限期整改。
65,2021年9月23日——2021年9月25日,静宁大众医药连锁有限公司,甘肃省平凉市静宁县静宁工业园区中邦路高速路口1幢2-4层,甘肃省平凉市静宁县静宁工业园区中邦路高速路口1幢2-3层,处方药和非处方药、化学药制剂、抗生素制剂、中成药、中药饮片、生物制品（除疫苗）。,"
张海斌、王晓慧、许康",,,4,"*02301 
*05301
*01703  
*01201 ",4,"04401
04603  
11901 
01101 ",违反药品经营质量管理规范，限期整改。
66,2021年9月26日-29日,天水宝康医药连锁有限公司,甘肃省天水市秦州区长开路53号,甘肃省天水市秦州区长开路53号,处方药和非处方药：生物制品（除疫苗）、中成药、化学药制剂、抗生素制剂、中药饮片***,丁国庆、牛屹泽、李绍周,1,**06101,2,"*16110
*16704 ",2,"14401 
15101 ",违反药品经营质量管理规范，限期整改。
67,2021年7月8日—2021年7月10日,重庆医药集团（甘肃）有限公司,甘肃省兰州市城关区天水北路284号至诚枫叶国际A楼16层,兰州市城关区大沙坪689号；兰州市城关区天水北路S111号S幢负1/2层，1幢楼负2层（正茂御景东方小区）,中药饮片、中成药、抗生素制剂、化学药制剂、生物制品（除疫苗）、蛋白同化制剂、肽类激素、医疗用毒性药品（含A型肉毒素）、第二类精神药品,虎文胜、杨兰、徐娅婷,,,2,"*02501 
*08308",7,"01717
02206                         02601
04602 
04604 
04702 
04708",违反药品经营质量管理规范，限期整改。
68,2021年7月8日-7月10日,陇西县百宝药业有限责任公司经营部,陇西县文峰镇长安路以北,陇西县文峰镇长安路以北,中药材（国限品种除外）、中药饮片、中成药、化学药制剂、抗生素制剂、生物制品（除疫苗）、蛋白同化制剂、肽类激素经营品种。,王思远、康红福、宋佳怡,,,2,"*08308
*08404 ",9,"01702
01715
01717 
03501
04603
04604
06102
08706 
09501",该企业基本符合《药品经营质量管理规范》要求。
69,2021年7月8日-9日,兰州德施普药品有限公司,甘肃省兰州市城关区雁南路449号1105室,兰州市城关区段家滩飞天家园B区11号楼2单元地下室,中成药、化学药制剂、抗生素制剂、生物制品（除疫苗）、（以上范围均不含冷藏冷冻品种）。,万学荷、王维亚、金冬冬,,,6,"*01201 
*01705 
*01711
*0360
*05901
*09701",8,"01702
01717 
02601
04603
04706
04708
07802
08409 ",违反药品经营质量管理规范，限期整改。
70,2021年4月12日至4月14日,甘肃惠森药业发展有限公司,陇西县文峰镇汽车路88号,1、陇西县文峰长安路以南68222部队以东1号库；2、甘肃省兰州市榆中县定远镇定远村民丰物流园。,中药材（国限品种除外）、中药饮片、中成药、化学药制剂、抗生素制剂、（以上范围均不含冷藏冷冻品种）,万雪荷、王绪、冯英,,,5,"*01711
*04703
*05901
*07701
*08404",8,"01717 
02207
02601
03401
04802
07802
08304 
08409",违反药品经营质量管理规范，限期整改。
71,2021年  8 月  19 日,甘肃北方民生医药有限公司,甘肃省兰州市安宁区富强路922号（西部机场集团兰州航空基地项目第1幢15层1518室）,兰州市七里河区土门墩街道西津西路424号,中药饮片、中成药、化学药制剂、抗生素制剂、生物制品（除疫苗）***,"李平、温艳、
马国顺、樊婷",,,2,"*06001
*08404  ",6,"02702  
04603  
04707
06102
08314
08706 ",违反药品经营质量管理规范，限期整改。
72,2021年7月8日-7月9日,甘肃宏康医药有限公司,甘肃省庆阳市西峰区寨子乡联合村西门组王庄子涝池东侧（原机电工程学院对面）,甘肃省庆阳市西峰区彭原镇长成公司院内；甘肃省庆阳市西峰区寨子乡联合村西门组王庄子涝池东侧（原机电工程学院对面）,中成药、抗生素制剂、化学药制剂、生物制品（除疫苗）、（以上范围均不含冷藏冷冻品种）***,高喜凤    文瑛    杨红,0,,1,01706,4,01702、01718、03001、03401、07802,该企业基本符合要求
73,2021年08月 17 日至2021年08月18日,兰州百宝药业有限责任公司,甘肃省兰州市安宁区安宁东路142号,甘肃省兰州市安宁区桃林村,中药材（国限品种除外）、中药饮片,康文景、刘燕珺、雒焕琴,,,4,"*00701
*02702
*05301
*08302",3,"03001
05201  
0770",违反药品经营质量管理规范，限期整改。
74,2021年9月23日-9月25日,兰州远方药业（集团）有限公司嘉峪关分公司,甘肃省嘉峪关市体育大道东1111号4楼401室、402室,甘肃省嘉峪关市双泉工业园区新文路416号,中成药、化学原料药、化学药制剂、抗生素制剂、生物制品（除疫苗）；蛋白同化制剂、肽类激素、第二类精神药品***,畅宝龙、张迎辉、高军花,,,2,"*03901
*05301",3,"01101
01715
05502",违反药品经营质量管理规范，限期整改。
75,2021年04月15日-04月16日,临洮县鑫泰药业有限责任公司,临洮县鑫泰大厦（汽车东站北侧）,临洮县洮阳镇汽车东站北侧1幢地下室,中药材（国限品种除外）、中药饮片、中成药、化学药制剂、抗生素制剂、生物制品（除疫苗）、（以上范围均不含冷藏冷冻品种）,"何志超、曾令红
张得萍",,,5,"*00802 
*03902 
*04703
*09601
*09701",4,"02702
03001
07802
08303",违反药品经营质量管理规范，限期整改。
76,2021年4月13日-4月14日,陇西普尔康医药有限责任公司,甘肃省定西市陇西县长安路218号,陇西县长安路218号,中药材（国限品种除外）、中药饮片、中成药、化学原料药、抗生素原料药、化学药制剂、抗生素制剂、生物制品（除疫苗）***,"何志超、曾令红
张得萍",,,5,"*02701
*00501 
*00801
*00802
*08901",,,违反药品经营质量管理规范，限期整改。
77,2021年4月13日--2021年4月14日,甘肃祥瑞医药有限责任公司,兰州市七里河区敦煌路街道敦煌路280号第2单元2层202室,兰州市七里河阳光家园10号楼地下库房,中药饮片、中成药、化学原料药、抗生素原料药、抗生素制剂、化学药制剂、生物制品（除疫苗）、蛋白同化制剂、肽类激素***,"孙世强、蔡转萍
曹金莲",,,1,*08302 ,2,"01717 
08402",违反药品经营质量管理规范，限期整改。
78,2021年4月15日-4月16日,兰州恒生药业有限公司,兰州市城关区白银路123号(文创大厦12楼1201室、1202室、1203室),兰州市城关区佛慈大街金砂茗园小区B6号楼负一楼,中成药、抗生素制剂、化学药制剂、生物制品(除疫苗),"孙世强、蔡转萍
曹金莲",,,2,"*08311
*08404",2,"01702
03401",违反药品经营质量管理规范，限期整改。
79,2021年3月11日-3月12日,临夏市福元药业有限责任公司,临夏市东城经济开发区（慈王文化广场隔壁）,临夏市东城经济开发区（慈王文化广场隔壁）,中成药、化学原料药、抗生素原料药、化学药制剂、抗生素制剂（以上范围均不含冷藏冷冻药品）***,"孙世强、蔡转萍
曹金莲",,,3,"*01705
*02701
*07701",2,"03401
07704 ",违反药品经营质量管理规范，限期整改。
80,2021 年  10 月 17  日,甘肃耀康医药有限公司,甘肃省临夏州临夏市南龙南路175号，办公及辅助用房总面积1350平方米。,临夏市南折路288号（市建材商贸有限公司16号库)，药品仓库总面积为2196平方米，全部为阴凉库，含冷库面积19平方米（冷库容积64、8立方米）。,中药材（国限品种除外）、中药饮片、中成药、化学原料药、抗生素原料药、化学药制剂、抗生素制剂、生物制品（除疫苗）。,"孙世强、蔡转萍
曹金莲",,,,,5,"01702
02601
03501 
04701
08409",经检查组综合评定，该公司符合《药品检查管理办法（试行）》、《药品经营质量管理规范现场检查指导原则》
81,2021年3月11日--2021年3月13日,甘肃普佳医药有限公司,甘肃省兰州市七里河区硷沟沿115号,兰州市七里河区硷沟沿115号东二楼地下室,中成药、化学原料药、抗生素原料药、抗生素制剂、化学药制剂、生物制品（除疫苗）、蛋白同化制剂、肽类激素、医疗用毒性药品（含A型肉毒毒素）,"孙世强、蔡转萍
曹金莲",,,,,4,"01101
01717
02902
04706",违反药品经营质量管理规范，限期整改。
82,2021年3月8日--2021年3月10日,甘肃西泽药业有限责任公司,甘肃省兰州市七里河区西津东路402号9楼901、904,兰州市七里河区下西园2号2栋楼负一层,中成药、化学原料药、抗生素原料药、抗生素制剂、化学药制剂、生物制品（除疫苗）、（以上范围均不含冷藏冷冻品种）,"孙世强、蔡转萍
曹金莲",,,3,"
*00601
*05301  
*06001 ",6,"01101
01717 
02702  
03302  
03401  
05501  ",违反药品经营质量管理规范，限期整改。
83,2021年3月8日至3月10日,兰州金城药业有限责任公司,兰州市城关区皋兰路19号（工贸大厦17层）,兰州市城关区九州开发区九州中路860号瑞祥嘉苑1#、2#楼地下室,中成药、化学药制剂、抗生素制剂、生物制品（除疫苗）、蛋白同化制剂、肽类激素、第二类精神药品、***,"杜文婷、乔福平
张雁涛",,,,,10,"01001 
01702
03302
03401
04702
 05502
06501
08005 
 08313 
 08702",违反药品经营质量管理规范，限期整改。
84,2021年3月11日至3月12日,兰州致盛医药有限责任公司,兰州市城关区白银路街道酒泉路31号12层002号,兰州市城关区白银路街道酒泉路31号-2层001号,中成药、化学药制剂、抗生素制剂、生物制品（除疫苗）***,"杜文婷、乔福平
张雁涛",,,4,"*05102 
*02701 
*07201 
*07401 ",8,"01702 
02702 
04603 
04706
05201 
07802
08316
08403 ",违反药品经营质量管理规范，限期整改。
85,2021年3月9日至3月11日,兰州蓁蕾医药有限公司,甘肃省兰州市安宁区城临路21号（兰州仁和药业有限责任公司院内办公楼5楼）,甘肃省兰州市安宁区城临路21号（兰州仁和药业有限责任公司院内4楼）,中成药、抗生素制剂、化学药制剂、生物制品（除疫苗）、中药饮片*****,"王得义、陈永麒
牟真娟",,,,,7,"01702
02401
02601
06102
07704 
08801
109021",违反药品经营质量管理规范，限期整改。
86,,兰州华康药业有限公司,兰州市城关区庆阳路450号1007室,兰州市城关区中山路30号（负一楼）,中成药、化学药制剂、抗生素制剂、（以上范围均不含冷藏冷冻品种）,"王得义、陈永麒
牟真娟",,,,,5,"01702
01713 
02601
08403
10902",违反药品经营质量管理规范，限期整改。
87,2021年3月10日-3月12日,甘肃三科药业有限责任公司,兰州市安宁区桃林路235号办公楼三楼,委托[兰州强生医药集团有限公司]储存配送药品（[甘肃省兰州市安宁区城临路21号]）,中药饮片、中成药、化学药制剂、抗生素制剂、生物制品（除疫苗）（以上范围均不包含冷藏冷冻品种）***,"潘富全、刘玉宝
杨淑梅",,,6,"*00901
*01201
*02701  
*03701 
*05901 
*06001",3,"01702
02702 
03401 ",违反药品经营质量管理规范，限期整改。
88,2021年3月8日-3月10日,甘肃众友西北医药有限公司,兰州市安宁区莫高大道39号,兰州市安宁区莫高大道39号一楼,中药材（国限品种除外）、中药饮片、中成药、化学原料药、抗生素制剂、化学药制剂、生物制品（除疫苗）、蛋白同化制剂、肽类激素***,"潘富全、刘玉宝
杨淑梅",,,7,"*00901 
*01201
*02701 
*03701
*04801 
*06001 
*08407",4,"03302
03401  
04702 
08405",违反药品经营质量管理规范，限期整改。
89,2021年7月12日,甘肃益生医药有限责任公司,甘肃省兰州市安宁区刘家堡街道深安路360号第四层,甘肃省兰州市安宁区九州通西路68号。,中成药、化学原料药、化学药制剂、抗生素制剂、生物制品（除疫苗）,,,,3,"*02701 
*06001
*08307 ",7,"01702
02702 
02902
03001 
03301
608313
08316",违反药品经营质量管理规范，限期整改。
90,2021年10月 13日至2021年10月13日,甘肃养天和众联健康医药连锁有限公司,甘肃省兰州市安宁区城临路21号（兰州仁和药业有限责任公司院内办公楼一层）,委托配送,处方药和非处方药：中药材（国限品种除外）、中药饮片、中成药、抗生素制剂、化学药制剂、生物制品（除疫苗）（以上范围均不含 除胰岛素外的针剂和大输液）,,,,,,3,"01001 
02702  
10902 ",该企业已对飞检发现的缺陷项目全部进行整改。
91,2021年8月11日,甘肃众联药业有限公司,甘肃省兰州市安宁区九州通西路70号（孵化大厦B塔18层东南角）,甘肃省兰州市安宁区城临路21号,中药饮片、中成药、化学原料药、抗生素原料药、抗生素制剂、化学药制剂、生物制品（除疫苗）***,,,,2,"*01201
*08308",5,"04603
04604
07801
07802
08702",该企业已对飞检发现的缺陷项目全部进行整改。
92,2021年07月15日至2021年7月16日,甘肃宜之健医药有限公司,兰州市安宁区北滨河西路1261号（兰州市国际家居建材博览城第49幢2单元1110室）,兰州市安宁区北滨河西路1282号,中药饮片、中成药、化学药制剂、抗生素制剂、生物制品（除疫苗）,,,,4,"*02701
*07201
*07701
*08307",4,"01702
04604
08312
08316",该企业已对飞检发现的缺陷项目全部进行整改。
93,2021年9月6日——2021年9月8日,兰州新光药业集团有限公司,兰州市安宁区北滨河西路1261号27层、1284号1层,兰州市安宁区北滨河西路1284号/1284之4号,中药材、中药饮片、中成药、抗生素制剂、化学药制剂、生物制品（除疫苗）、蛋白同化制剂、肽类激素、第二类精神药品、体外,,,,,,5,"01715 
01717 
03401
04702 
06501",违反药品经营质量管理规范，限期整改。
94,2021年9月26日-28日,庆阳养心堂大药房连锁有限公司,庆阳市环县环城镇十八里村,庆阳市环县环城镇十八里村,中药饮片（国限品种除外）、中成药、抗生素制剂、化学药制剂、生物制品（除预防性生物制品）,,,,3,"*07301
*08308
*08309",5,"01702
04001
06103
08305
08801",违反药品经营质量管理规范，限期整改。
95,2021年9月23日至2021年9月25日,庆阳原华医药有限公司,甘肃省庆阳市西峰区兰州东路中段,甘肃省庆阳市西峰区兰州东路中段,中药材（国限品种除外）、中药饮品、中成药、化学原料药、化学药品制剂、抗生素制剂、生物制品（除疫苗）、蛋白通化制剂、肽类激素。,,,,,"＊01711
＊02701
＊02801
＊01714
＊07701",4,"01717
02206
03001
08401",违反药品经营质量管理规范，限期整改。
96,2021.09.26-2021.09.28,庆阳市银丰医药有限公司,庆阳市西峰区温泉镇地庄村西坳组,庆阳市西峰区温泉镇地庄村西坳组,中成药、抗生素制剂、生物制品（除疫苗）、以上范围不含冷藏冷冻制品,,,,4,"＊00901
＊01703
＊02701",4,"01702
01715
11901
03402",违反药品经营质量管理规范，限期整改。
97,2021年9月23日-2021年9月25日,定西众济堂医药连锁有限责任公司,甘肃省定西市安定区南川开发区飞天路,甘肃省定西市安定区南川开发区飞天路,处方药和非处方药：中药饮片、中成药、化学药制剂、抗生素、生物制品、（除疫苗）***。,,,,4,"*00802 
*06401  
*08302
*08309 ",5,"01702 
03401
07801
08306
08402 ",该企业违反药品经营质量管理规范，限期整改。
98,2021年9月26日-2021年9月28日,岷县国复大药房连锁有限公司,甘肃省定西市岷县岷阳镇大巷子9号,甘肃省定西市岷县岷阳镇大巷子9号,处方药和非处方药：中药饮片、中成药、化学药制剂、抗生素、生物制品（除疫苗）（以上药品不含冷藏冷冻）***。,,,,1,*01714,3,"01717 
03401
03501",该企业违反药品经营质量管理规范，限期整改。
99,2021年9月26日至2021年9月28日,平凉市国泰药业有限责任公司,甘肃省平凉市过店街28号,甘肃省平凉市过店街28号,中药饮片、中成药、化学原料药、化学药制剂、抗生素制剂、生物制品（除疫苗）、麻醉药品、蛋白同化制剂、肽类激素、第一类精神药品、第二类精神药品、***,,,,2,"*09401 
*09601",4,"01701
01717
03302
08801",该企业违反药品经营质量管理规范，限期整改。
100,2021年4月15日至4月16日,甘肃伊真堂药业有限责任公司,甘肃省定西市陇西县巩昌镇长安路北侧,陇西县文峰镇汽车路2号,中药材（国限品种除外）、中药饮片***,,,,5,"＊01711 
＊02701
＊04704 
＊05303
＊06001 ",5,"01702
08003
06501
08405
08409",该企业违反药品经营质量管理规范，限期整改。
101,2021年7月15日-7月17日,陇西县康达药业有限责任公司,陇西县首阳镇中医药产业园内药材交易市场以西,陇西县首阳镇中医药产业园内药材交易市场以西,中药材（国限品种除外）、中药饮片***,,1,**00402,5,"*01201
*01602
*01710
*02301
*08404",3,"04604 
04605
07802",该企业不符合《药品经营质量管理规范》要求。
102,2021年9月26日-9月28日,嘉峪关市福康门大药房,嘉峪关市东湖东路1788-42号二层,嘉峪关市润泽园库房,中药饮片、中成药、化学药制剂、抗生素制剂、生物制品（除疫苗）（以上品种均不含冷藏冷冻品种）,,,,3,"*00802
*03201
*16411",5,"02601
06102
08005
08605
16412",该公司药品经营情况基本符合要求，建议企业对缺陷项目限期整改。
103,2021年9月26日——2021年9月28日,平凉市新生药业连锁有限责任公司,甘肃省平凉市崆峒区工业园区东二路西侧,无,处方药和非处方药、化学药制剂、抗生素制剂、中成药、中药饮片、生物制品（除疫苗）。,,,,2,"*01703 
*08404",5,"03501
04603
07802 
08301
08303",该企业不符合《药品经营质量管理规范》要求。
